书  名,评  分,评价人数,图片链接,出 版社,出版年份, ISBN 
n,n,n,n,该链接不存在,该链接不存在,该链接不存在
o,o,o,o,该链接不存在,该链接不存在,该链接不存在
n,n,n,n,该链接不存在,该链接不存在,该链接不存在
e,e,e,e,该链接不存在,该链接不存在,该链接不存在
n,n,n,n,该链接不存在,该链接不存在,该链接不存在
o,o,o,o,该链接不存在,该链接不存在,该链接不存在
n,n,n,n,该链接不存在,该链接不存在,该链接不存在
e,e,e,e,该链接不存在,该链接不存在,该链接不存在
n,n,n,n,该链接不存在,该链接不存在,该链接不存在
o,o,o,o,该链接不存在,该链接不存在,该链接不存在
n,n,n,n,该链接不存在,该链接不存在,该链接不存在
e,e,e,e,该链接不存在,该链接不存在,该链接不存在
n,n,n,n,该链接不存在,该链接不存在,该链接不存在
o,o,o,o,该链接不存在,该链接不存在,该链接不存在
n,n,n,n,该链接不存在,该链接不存在,该链接不存在
e,e,e,e,该链接不存在,该链接不存在,该链接不存在
n,n,n,n,该链接不存在,该链接不存在,该链接不存在
o,o,o,o,该链接不存在,该链接不存在,该链接不存在
n,n,n,n,该链接不存在,该链接不存在,该链接不存在
e,e,e,e,该链接不存在,该链接不存在,该链接不存在
n,n,n,n,该链接不存在,该链接不存在,该链接不存在
o,o,o,o,该链接不存在,该链接不存在,该链接不存在
n,n,n,n,该链接不存在,该链接不存在,该链接不存在
e,e,e,e,该链接不存在,该链接不存在,该链接不存在
n,n,n,n,该链接不存在,该链接不存在,该链接不存在
o,o,o,o,该链接不存在,该链接不存在,该链接不存在
n,n,n,n,该链接不存在,该链接不存在,该链接不存在
e,e,e,e,该链接不存在,该链接不存在,该链接不存在
n,n,n,n,该链接不存在,该链接不存在,该链接不存在
o,o,o,o,该链接不存在,该链接不存在,该链接不存在
n,n,n,n,该链接不存在,该链接不存在,该链接不存在
e,e,e,e,该链接不存在,该链接不存在,该链接不存在
n,n,n,n,该链接不存在,该链接不存在,该链接不存在
o,o,o,o,该链接不存在,该链接不存在,该链接不存在
n,n,n,n,该链接不存在,该链接不存在,该链接不存在
e,e,e,e,该链接不存在,该链接不存在,该链接不存在
n,n,n,n,该链接不存在,该链接不存在,该链接不存在
o,o,o,o,该链接不存在,该链接不存在,该链接不存在
n,n,n,n,该链接不存在,该链接不存在,该链接不存在
e,e,e,e,该链接不存在,该链接不存在,该链接不存在
n,n,n,n,该链接不存在,该链接不存在,该链接不存在
o,o,o,o,该链接不存在,该链接不存在,该链接不存在
n,n,n,n,该链接不存在,该链接不存在,该链接不存在
e,e,e,e,该链接不存在,该链接不存在,该链接不存在
n,n,n,n,该链接不存在,该链接不存在,该链接不存在
o,o,o,o,该链接不存在,该链接不存在,该链接不存在
n,n,n,n,该链接不存在,该链接不存在,该链接不存在
e,e,e,e,该链接不存在,该链接不存在,该链接不存在
n,n,n,n,该链接不存在,该链接不存在,该链接不存在
o,o,o,o,该链接不存在,该链接不存在,该链接不存在
n,n,n,n,该链接不存在,该链接不存在,该链接不存在
e,e,e,e,该链接不存在,该链接不存在,该链接不存在
n,n,n,n,该链接不存在,该链接不存在,该链接不存在
o,o,o,o,该链接不存在,该链接不存在,该链接不存在
n,n,n,n,该链接不存在,该链接不存在,该链接不存在
e,e,e,e,该链接不存在,该链接不存在,该链接不存在
n,n,n,n,该链接不存在,该链接不存在,该链接不存在
o,o,o,o,该链接不存在,该链接不存在,该链接不存在
n,n,n,n,该链接不存在,该链接不存在,该链接不存在
e,e,e,e,该链接不存在,该链接不存在,该链接不存在
n,n,n,n,该链接不存在,该链接不存在,该链接不存在
o,o,o,o,该链接不存在,该链接不存在,该链接不存在
n,n,n,n,该链接不存在,该链接不存在,该链接不存在
e,e,e,e,该链接不存在,该链接不存在,该链接不存在
n,n,n,n,该链接不存在,该链接不存在,该链接不存在
o,o,o,o,该链接不存在,该链接不存在,该链接不存在
n,n,n,n,该链接不存在,该链接不存在,该链接不存在
e,e,e,e,该链接不存在,该链接不存在,该链接不存在
n,n,n,n,该链接不存在,该链接不存在,该链接不存在
o,o,o,o,该链接不存在,该链接不存在,该链接不存在
n,n,n,n,该链接不存在,该链接不存在,该链接不存在
